"url","status","ms","bytes","alive","wave","time","totalUsd","coball","comail","pool","check","turtles"
"https://inseed.com/board","200","246","3084","True","now","2026-10-09 14:16:15","100342170.81067","18755","1033","100M@600k/day","NO_FICTION","🐢"
"https://inseed.com/api/ping?wave=now","0","0","0","False","now","2026-10-09 14:16:15","100342170.81067","18755","1033","100M@600k/day","NO_FICTION","🐢"
"https://inseed.com/api/mcp","0","0","0","False","now","2026-10-09 14:16:15","100342170.81067","18755","1033","100M@600k/day","NO_FICTION","🐢"
"https://cocivium.github.io/InSeed/board/","0","0","0","False","now","2026-10-09 14:16:15","100342170.81067","18755","1033","100M@600k/day","NO_FICTION","🐢"
"https://cocivium.github.io/CoCivium/","0","0","0","False","now","2026-10-09 14:16:15","100342170.81067","18755","1033","100M@600k/day","NO_FICTION","🐢"
"https://cocivium.github.io/RickPublic/","0","0","0","False","now","2026-10-09 14:16:15","100342170.81067","18755","1033","100M@600k/day","NO_FICTION","🐢"
"https://cocivium.github.io/CoIndex/","0","0","0","False","now","2026-10-09 14:16:15","100342170.81067","18755","1033","100M@600k/day","NO_FICTION","🐢"
"https://cocivium.github.io/CoSteward/","0","0","0","False","now","2026-10-09 14:16:15","100342170.81067","18755","1033","100M@600k/day","NO_FICTION","🐢"
"https://cocivium.github.io/CoFarm/","0","0","0","False","now","2026-10-09 14:16:15","100342170.81067","18755","1033","100M@600k/day","NO_FICTION","🐢"
"https://cocivium.github.io/CoRecovery/","0","0","0","False","now","2026-10-09 14:16:15","100342170.81067","18755","1033","100M@600k/day","NO_FICTION","🐢"
"https://cocivium.github.io/CoBusMirror/","0","0","0","False","now","2026-10-09 14:16:15","100342170.81067","18755","1033","100M@600k/day","NO_FICTION","🐢"
"https://cocivium.github.io/CoSources/","0","0","0","False","now","2026-10-09 14:16:15","100342170.81067","18755","1033","100M@600k/day","NO_FICTION","🐢"
"https://www.journeys.nzta.govt.nz/traffic?region=Wellington","200","1676","18357","True","now","2026-10-09 14:16:15","100342170.81067","18755","1033","100M@600k/day","NO_FICTION","🐢"
"https://www.journeys.nzta.govt.nz/traffic-cameras?region=Wellington","200","834","18223","True","now","2026-10-09 14:16:15","100342170.81067","18755","1033","100M@600k/day","NO_FICTION","🐢"
"https://www.journeys.nzta.govt.nz/assets/Traffic-Camera-Images","0","0","0","False","now","2026-10-09 14:16:15","100342170.81067","18755","1033","100M@600k/day","NO_FICTION","🐢"
